City_ID,City,Lat,Lng,Max Temp,Humidity,Cloudiness,Wind Speed,Country,Date
0,sandnessjoen,66.0217,12.6316,277.21,87,40,1.54,NO,1697171649
1,sisimiut,66.9395,-53.6735,274.06,72,100,4.9,GL,1697171474
2,tlahualilo de zaragoza,26.1167,-103.45,297.4,47,4,1.83,MX,1697171649
3,wailua homesteads,22.0669,-159.378,301.39,75,20,6.17,US,1697171649
4,adamstown,-25.066,-130.1015,294.14,68,93,4.74,PN,1697171649
5,lander,42.833,-108.7307,278.6,87,100,3.6,US,1697171524
6,albany,42.6001,-73.9662,282.82,76,26,0.89,US,1697171401
7,waitangi,-43.9535,-176.5597,285.83,79,100,1.34,NZ,1697171649
8,invercargill,-46.4,168.35,290.18,51,23,4.73,NZ,1697171650
9,port lincoln,-34.7333,135.8667,290.76,61,20,6.46,AU,1697171525
10,balikpapan,-1.2675,116.8289,303.7,74,40,4.12,ID,1697171650
11,chhor,25.5167,69.7667,304.75,38,0,6.38,PK,1697171650
12,bilibino,68.0546,166.4372,266.46,89,100,1.63,RU,1697171650
13,malango,-2.9627,119.9001,300.78,57,64,2.0,ID,1697171650
14,haiku-pauwela,20.9219,-156.3051,298.17,80,40,7.72,US,1697171650
15,amga,60.8953,131.9608,275.36,97,95,0.89,RU,1697171650
16,yemel'yanovo,56.1681,92.6767,277.86,93,75,11.18,RU,1697171650
17,rexburg,43.826,-111.7897,281.14,74,20,1.54,US,1697171650
18,ginir,7.1333,40.7,290.77,76,58,1.37,ET,1697171650
19,port-aux-francais,-49.35,70.2167,276.19,76,93,9.45,TF,1697171650
20,marion,39.7684,-86.1555,290.26,73,0,4.63,US,1697171459
21,eyl,7.9803,49.8164,301.22,73,32,2.25,SO,1697171650
22,mejit,10.2753,170.8646,301.21,77,95,3.85,MH,1697171651
23,codrington,-38.2667,141.9667,287.26,82,100,7.82,AU,1697171651
24,aasiaat,68.7098,-52.8699,268.96,91,100,2.81,GL,1697171651
25,edinburgh of the seven seas,-37.0676,-12.3116,286.09,83,100,5.23,SH,1697171651
26,fortaleza,-3.7227,-38.5247,300.49,78,40,6.17,BR,1697171401
27,lihue,21.9789,-159.3672,301.73,75,20,6.17,US,1697171651
28,yellowknife,62.456,-114.3525,280.6,100,100,2.06,CA,1697171651
29,qaqortoq,60.7167,-46.0333,275.31,68,93,2.41,GL,1697171651
30,papao,-17.75,-149.55,300.97,81,7,8.07,PF,1697171651
31,blackmans bay,-43.0167,147.3167,289.22,50,82,1.34,AU,1697171651
32,crane,31.3974,-102.3501,297.44,30,0,2.93,US,1697171651
33,dauphin,51.1494,-100.0502,282.23,76,100,5.14,CA,1697171651
34,isafjordur,66.0755,-23.124,271.87,87,100,10.33,IS,1697171651
35,talnakh,69.4865,88.3972,272.71,95,100,2.1,RU,1697171652
36,hammerfest,70.6634,23.6821,273.4,100,40,1.03,NO,1697171652
37,whitehorse,60.7161,-135.0538,279.58,88,75,9.26,CA,1697171652
38,kenai,60.5544,-151.2583,276.56,98,100,0.0,US,1697171652
39,chimbote,-9.0853,-78.5783,291.11,88,70,2.93,PE,1697171652
40,grytviken,-54.2811,-36.5092,269.71,81,96,2.28,GS,1697171652
41,hengchun,22.0042,120.7439,301.06,68,12,5.43,TW,1697171652
42,nagqu,31.5,92.0,276.68,13,0,3.12,CN,1697171652
43,aitape,-3.1374,142.3475,303.11,72,84,3.45,PG,1697171652
44,atafu village,-8.5421,-172.5159,301.68,78,100,8.0,TK,1697171652
45,tofol,5.3248,163.0078,301.57,74,54,3.25,FM,1697171652
46,greymouth,-42.4667,171.2,285.87,89,90,3.53,NZ,1697171652
47,jamestown,42.097,-79.2353,281.88,88,0,2.57,US,1697171646
48,meadow lake,34.8014,-106.5436,284.78,27,0,3.92,US,1697171653
49,safotu,-13.4513,-172.4018,300.93,82,45,8.89,WS,1697171653
50,sao joao da barra,-21.6403,-41.0511,295.96,88,55,7.3,BR,1697171653
51,suva,-18.1416,178.4415,298.86,69,75,3.6,FJ,1697171653
52,vila velha,-20.3297,-40.2925,297.12,82,0,5.14,BR,1697171530
53,puerto natales,-51.7236,-72.4875,277.25,96,60,3.07,CL,1697171475
54,utrik,11.2278,169.8474,301.35,77,45,5.0,MH,1697171653
55,pajan,-1.5667,-80.4167,297.1,83,92,1.66,EC,1697171653
56,ketchikan,55.3422,-131.6461,289.14,76,100,2.57,US,1697171653
57,margaret river,-33.95,115.0667,295.1,48,0,4.48,AU,1697171654
58,alo,7.4178,6.7371,296.73,97,99,1.3,NG,1697171654
59,hithadhoo,-0.6,73.0833,300.7,72,80,5.42,MV,1697171654
60,hermanus,-34.4187,19.2345,286.52,74,3,2.48,ZA,1697171654
61,rongelap,11.1635,166.8941,301.44,75,75,3.46,MH,1697171654
62,longyearbyen,78.2186,15.6401,272.06,74,75,3.09,SJ,1697171654
63,vernon,50.2581,-119.2691,283.89,78,4,2.57,CA,1697171407
64,hirara,24.8,125.2833,302.07,57,20,5.66,JP,1697171654
65,avarua,-21.2078,-159.775,297.18,78,100,2.06,CK,1697171654
66,kayenta,36.7278,-110.2546,282.56,30,0,1.86,US,1697171654
67,namibe,-15.1961,12.1522,291.98,84,70,1.79,AO,1697171654
68,iskateley,67.6803,53.1512,274.27,76,100,4.02,RU,1697171654
69,ilulissat,69.2167,-51.1,271.16,59,100,2.57,GL,1697171655
70,fale old settlement,-9.3852,-171.2468,301.88,77,32,8.59,TK,1697171655
71,revda,56.801,59.9303,275.03,95,100,7.1,RU,1697171655
72,shushenskoye,53.325,91.9356,284.4,69,100,7.05,RU,1697171655
73,lata,40.1629,-8.3327,290.97,43,100,1.4,PT,1697171655
74,vikulovo,56.8167,70.6107,277.8,62,97,8.78,RU,1697171655
75,san andres,12.5847,-81.7006,301.16,89,20,1.03,CO,1697171655
76,yuzhno-kurilsk,44.0306,145.8556,289.47,57,0,3.76,RU,1697171655
77,yabelo,4.8833,38.0833,291.6,69,23,2.79,ET,1697171655
78,petropavlovsk-kamchatsky,53.0452,158.6483,279.48,73,20,6.71,RU,1697171479
79,oltinko'l,40.8011,72.1634,287.47,52,100,9.09,UZ,1697171655
80,akureyri,65.6835,-18.0878,274.11,86,100,9.26,IS,1697171656
81,santa isabel,-23.3156,-46.2214,292.02,97,100,2.16,BR,1697171656
82,saint charles,38.7667,-90.7335,294.0,68,0,2.68,US,1697171475
83,tura,25.5198,90.2201,301.58,55,0,1.48,IN,1697171656
84,makokou,0.5738,12.8642,293.56,99,83,0.69,GA,1697171656
85,ancud,-41.8697,-73.8203,278.69,87,35,1.58,CL,1697171656
86,al buraymi,24.2509,55.7931,304.83,13,0,2.06,OM,1697171656
87,mariinsk,56.2139,87.7472,279.82,74,77,4.02,RU,1697171656
88,margherita,27.2833,95.6833,301.58,70,6,1.06,IN,1697171656
89,tazacorte,28.629,-17.9293,301.01,27,0,4.92,ES,1697171656
90,bethel,41.3712,-73.414,286.08,84,0,2.06,US,1697171543
91,kruisfontein,-34.0033,24.7314,286.68,92,71,12.64,ZA,1697171656
92,tumaco,1.7986,-78.8156,297.73,88,47,1.22,CO,1697171656
93,papatowai,-46.5619,169.4708,290.2,49,24,5.05,NZ,1697171657
94,stanley,54.868,-1.6985,281.92,93,20,2.57,GB,1697171625
95,iqaluit,63.7506,-68.5145,272.0,86,75,1.54,CA,1697171365
96,carnarvon,-24.8667,113.6333,305.01,36,27,5.09,AU,1697171657
97,cartagena,10.3997,-75.5144,300.94,94,20,2.06,CO,1697171657
98,tual,-5.6667,132.75,300.42,82,50,4.94,ID,1697171657
99,mugia,43.1041,-9.2179,295.32,94,98,10.11,ES,1697171657
100,port mathurin,-19.6833,63.4167,296.31,79,35,4.05,MU,1697171657
101,katsuura,35.1333,140.3,294.0,49,0,6.51,JP,1697171657
102,heniches'k,46.1759,34.8034,285.29,72,64,3.69,UA,1697171657
103,roshchino,60.2519,29.6085,280.91,78,25,7.02,RU,1697171657
104,kailua-kona,19.6406,-155.9956,300.13,81,75,2.06,US,1697171657
105,tostado,-29.232,-61.7692,284.25,51,0,3.29,AR,1697171658
106,navirai,-23.065,-54.1906,290.07,79,98,3.38,BR,1697171658
107,san antonio de pale,-1.4014,5.6325,298.74,82,96,6.01,GQ,1697171658
108,sarande,39.8756,20.0053,290.0,77,0,1.19,AL,1697171411
109,hawaiian paradise park,19.5933,-154.9731,298.88,91,40,4.12,US,1697171658
110,acarau,-2.8856,-40.12,299.53,79,20,7.6,BR,1697171658
111,susuman,62.7833,148.1667,264.25,69,39,0.45,RU,1697171658
112,emerald,-23.5333,148.1667,307.23,18,0,3.38,AU,1697171658
113,port elizabeth,-33.918,25.5701,288.88,92,40,9.26,ZA,1697171658
114,bredasdorp,-34.5322,20.0403,284.85,82,0,2.21,ZA,1697171658
115,san luis de la loma,17.2706,-100.8939,298.47,89,28,1.85,MX,1697171658
116,hefei,31.8639,117.2808,297.16,46,75,2.0,CN,1697171658
117,fort bragg,35.139,-79.006,287.54,97,0,0.0,US,1697171658
118,blackwater,-23.5833,148.8833,306.87,18,0,3.67,AU,1697171658
119,duluth,46.7833,-92.1066,284.98,74,100,8.23,US,1697171538
120,west island,-12.1568,96.8225,301.14,69,75,7.2,CC,1697171659
121,tataouine,32.9297,10.4518,291.56,65,0,1.03,TN,1697171659
122,barra de santo antonio,-9.4047,-35.5072,297.75,87,22,4.36,BR,1697171372
123,dwarka,22.2394,68.9678,301.59,67,1,2.77,IN,1697171659
124,puerto ayora,-0.7393,-90.3518,296.58,85,44,3.45,EC,1697171659
125,faya-largeau,17.9257,19.1043,300.54,24,34,8.27,TD,1697171659
126,ribeira grande,38.5167,-28.7,291.91,88,100,3.13,PT,1697171659
127,tsiombe,-25.3,45.4833,298.59,65,24,4.44,MG,1697171659
128,gisborne,-38.6533,178.0042,291.83,59,0,4.64,NZ,1697171471
129,port saint john's,-31.6229,29.5448,291.19,73,0,1.67,ZA,1697171659
130,puerto colombia,10.9878,-74.9547,298.2,78,13,0.93,CO,1697171659
131,williams lake,52.1415,-122.1445,282.91,73,0,3.6,CA,1697171659
132,st. john's,47.5649,-52.7093,285.46,99,100,1.54,CA,1697171600
133,weihai,37.5017,122.1136,293.34,51,99,2.79,CN,1697171660
134,thompson,55.7435,-97.8558,275.24,100,0,0.0,CA,1697171660
135,kombissiri,12.0656,-1.3375,299.14,72,99,2.82,BF,1697171660
136,puerto cabezas,14.0351,-83.3888,300.3,89,22,3.01,NI,1697171660
137,antofagasta,-23.65,-70.4,288.75,85,43,0.95,CL,1697171660
138,mahriz,31.5917,54.4318,290.43,46,1,0.77,IR,1697171660
139,manhush,47.0558,37.3107,283.76,67,62,2.28,UA,1697171660
140,robore,-18.3333,-59.75,290.05,76,95,2.49,BO,1697171660
141,ust'-ordynskiy,52.805,104.7508,288.89,28,81,4.09,RU,1697171660
142,santa marta,11.2408,-74.199,300.87,79,10,1.79,CO,1697171430
143,isiro,2.7739,27.616,293.17,94,18,0.54,CD,1697171660
144,anadyr,64.75,177.4833,276.43,86,75,6.0,RU,1697171661
145,ushuaia,-54.8,-68.3,279.96,96,40,12.52,AR,1697171524
146,arraial do cabo,-22.9661,-42.0278,295.29,97,100,5.96,BR,1697171661
147,snagov,44.7,26.1833,288.53,87,0,2.57,RO,1697171661
148,najaf,31.9985,44.3398,302.41,30,0,4.01,IQ,1697171661
149,kone,-21.0595,164.8658,297.2,66,68,1.57,NC,1697171661
150,gazli,40.1333,63.45,282.99,57,38,3.47,UZ,1697171661
151,la'ie,21.6477,-157.9253,301.13,73,1,2.68,US,1697171661
152,afaahiti,-17.75,-149.2833,300.08,81,12,7.01,PF,1697171661
153,panuco,22.05,-98.1667,301.25,96,22,2.47,MX,1697171661
154,enewetak,11.3474,162.3373,301.82,67,59,5.14,MH,1697171661
155,udachny,66.4167,112.4,265.07,85,97,1.44,RU,1697171661
156,kabinda,-6.1333,24.4833,296.58,67,84,0.83,CD,1697171661
157,maracacume,-2.0428,-45.9592,296.19,96,58,1.5,BR,1697171661
158,cabedelo,-6.9811,-34.8339,299.52,84,8,5.59,BR,1697171662
159,tolanaro,-25.0319,46.9987,295.77,92,100,5.72,MG,1697171662
160,kavaratti,10.5669,72.642,301.21,73,88,1.42,IN,1697171662
161,lae,-6.7221,146.9847,304.52,77,33,3.26,PG,1697171662
162,yanykurgan,43.915,67.2481,280.21,82,100,10.29,KZ,1697171662
163,college,64.8569,-147.8028,273.12,72,75,2.57,US,1697171662
164,myitkyina,25.3833,97.4,300.68,70,100,0.46,MM,1697171662
165,el porvenir,13.7617,-87.3458,297.78,98,88,0.31,HN,1697171662
166,wenling,28.3669,121.36,295.51,77,86,1.34,CN,1697171662
167,ndele,8.4109,20.6473,295.84,90,89,0.43,CF,1697171662
168,taltal,-25.4,-70.4833,288.97,76,0,1.79,CL,1697171663
169,coquimbo,-29.9533,-71.3436,286.0,94,0,3.09,CL,1697171491
170,reggane,26.7158,0.1714,297.55,25,18,3.42,DZ,1697171663
171,shakhtersk,48.0625,38.5167,279.49,67,95,2.72,UA,1697171663
172,kayyerkan,69.3786,87.7439,272.76,100,98,1.13,RU,1697171663
173,kingaroy,-26.5333,151.8333,302.77,19,0,6.02,AU,1697171663
174,tiksi,71.6872,128.8694,268.69,96,100,2.37,RU,1697171663
175,constantia,44.1833,28.65,283.54,71,14,4.07,RO,1697171663
176,wynyard,-41.0,145.7167,288.56,48,31,6.04,AU,1697171663
177,bayanhongor,46.7167,100.1167,280.81,33,0,1.45,MN,1697171663
178,krapivinskiy,54.9992,86.8133,281.43,65,91,4.31,RU,1697171663
179,gadzhiyevo,69.2551,33.3362,276.87,72,100,9.68,RU,1697171663
180,chonchi,-42.6128,-73.8092,279.71,96,31,1.25,CL,1697171663
181,vilyuchinsk,52.9306,158.4028,280.3,86,97,2.94,RU,1697171664
182,punta arenas,-53.15,-70.9167,280.21,81,40,7.72,CL,1697171425
183,umm qasr,30.0405,47.9168,302.08,19,0,2.78,IQ,1697171664
184,yuyao,30.05,121.1494,292.02,89,100,3.3,CN,1697171664
185,nar'yan-mar,67.6713,53.087,274.32,76,100,4.02,RU,1697171664
186,maralal,1.0968,36.698,291.95,60,100,2.42,KE,1697171664
187,kolonia,50.9333,6.95,291.9,90,100,4.63,DE,1697171555
188,la cruz,23.9167,-106.9,299.07,82,35,2.89,MX,1697171664
189,taksimo,56.3444,114.8794,284.1,49,42,0.89,RU,1697171664
190,klyuchi,52.2667,79.1667,282.31,42,23,2.59,RU,1697171664
191,gargalianoi,37.0667,21.6333,289.46,66,0,2.4,GR,1697171664
192,charlottetown,46.2352,-63.1267,284.93,94,100,2.06,CA,1697171524
193,mount gambier,-37.8333,140.7667,287.42,77,100,5.41,AU,1697171447
194,canutama,-6.5339,-64.3831,299.03,61,51,1.17,BR,1697171665
195,benjamin constant,-4.3831,-70.0311,299.22,98,100,0.87,BR,1697171665
196,sabang,5.8933,95.3214,300.82,76,89,2.18,ID,1697171665
197,esil,51.9556,66.4042,280.18,46,15,8.72,KZ,1697171665
198,georgetown,5.4112,100.3354,305.11,74,40,3.09,MY,1697171665
199,talovskiy,51.1144,40.73,282.47,62,100,6.69,RU,1697171665
200,uturoa,-16.7333,-151.4333,299.11,76,11,7.18,PF,1697171665
201,portland,45.5234,-122.6762,291.14,63,0,6.17,US,1697171485
202,chinde,26.8418,88.0763,294.06,70,9,1.8,NP,1697171665
203,ranchi,23.35,85.3333,301.21,54,40,2.57,IN,1697171665
204,bac lieu,9.285,105.7244,304.37,64,48,2.16,VN,1697171665
205,omaruru,-21.4333,15.9333,290.17,24,0,0.88,NA,1697171665
206,quellon,-43.1167,-73.6167,279.43,84,34,1.94,CL,1697171665
207,east london,-33.0153,27.9116,289.67,77,0,4.12,ZA,1697171666
208,dudinka,69.4058,86.1778,274.64,93,96,6.71,RU,1697171538
209,santo anastacio,-21.8383,-51.6103,296.35,83,91,2.94,BR,1697171666
210,cidreira,-30.1811,-50.2056,287.14,70,99,4.01,BR,1697171666
211,lugovoye,42.9094,72.7178,282.13,89,98,2.24,KZ,1697171666
212,uberaba,-19.7483,-47.9319,298.47,69,20,2.57,BR,1697171666
213,vorgashor,67.5833,63.95,273.56,64,100,6.41,RU,1697171666
214,kharp,66.8014,65.8081,272.23,97,100,4.36,RU,1697171666
215,guerrero negro,27.9769,-114.0611,291.38,76,0,4.11,MX,1697171666
216,bel ombre,-4.6167,55.4167,301.06,83,20,3.09,SC,1697171666
217,panjab,34.388,67.0233,285.58,39,1,3.6,AF,1697171452
218,igarka,67.4667,86.5833,274.68,87,98,2.91,RU,1697171666
219,medicine hat,50.0501,-110.6683,281.33,76,100,6.17,CA,1697171572
220,buka,40.8108,69.1986,283.67,46,90,3.05,UZ,1697171666
221,mayya,61.7333,130.2811,272.77,63,88,5.55,RU,1697171667
222,quepos,9.4236,-84.1652,299.38,83,97,1.26,CR,1697171667
223,arzgir,45.3728,44.2206,281.29,74,1,3.18,RU,1697171667
224,groningen,53.25,6.75,289.83,96,75,4.63,NL,1697171519
225,coronel suarez,-37.4547,-61.9334,278.46,49,0,2.0,AR,1697171667
226,micheweni,-4.9667,39.8333,299.54,75,88,1.64,TZ,1697171667
227,khonsa,27.0167,95.5667,295.9,82,3,1.67,IN,1697171667
228,hamilton,39.1834,-84.5333,290.31,71,0,1.54,US,1697171482
229,ust-nera,64.5667,143.2,261.05,95,97,2.24,RU,1697171667
230,pop,40.8736,71.1089,286.42,59,100,5.58,UZ,1697171667
231,labrador city,52.9463,-66.9114,278.1,100,100,1.54,CA,1697171667
232,ulsteinvik,62.3432,5.8487,283.22,76,100,3.13,NO,1697171667
233,yamada,39.4667,141.95,293.27,50,16,1.27,JP,1697171668
234,rio grande,-32.035,-52.0986,281.45,61,100,3.87,BR,1697171668
235,ta`u,-14.2336,-169.5144,300.06,79,29,7.55,AS,1697171668
236,hadibu,12.65,54.0333,300.54,78,63,2.72,YE,1697171668
237,gouyave,12.1646,-61.7296,300.58,89,20,5.14,GD,1697171668
238,flying fish cove,-10.4217,105.6791,300.97,74,100,5.66,CX,1697171668
239,olonkinbyen,70.9221,-8.7187,272.03,86,96,9.79,SJ,1697171668
240,lerwick,60.1545,-1.1494,283.15,68,98,10.45,GB,1697171668
241,nadi,-17.8,177.4167,302.15,61,75,3.09,FJ,1697171382
242,heroica guaymas,27.9333,-110.9,296.97,66,0,0.74,MX,1697171668
243,tavda,58.0425,65.2726,275.2,96,100,6.26,RU,1697171537
244,kodiak,57.79,-152.4072,276.88,70,100,4.12,US,1697171668
245,mariehamn,60.0973,19.9348,280.07,76,0,2.06,AX,1697171668
246,ola,59.5833,151.2833,274.9,40,3,2.49,RU,1697171668
247,zhanaozen,43.3,52.8,281.69,57,11,6.94,KZ,1697171669
248,thames,-37.1333,175.5333,290.32,66,93,3.32,NZ,1697171669
249,prince rupert,54.3161,-130.3201,287.98,67,40,10.29,CA,1697171669
250,lodeynoye pole,60.726,33.5531,278.59,77,100,7.05,RU,1697171669
251,podporozh'ye,60.9112,34.1706,277.78,79,100,6.44,RU,1697171669
252,tyup,42.7276,78.3648,290.7,32,100,1.97,KG,1697171669
253,sarupathar,26.1984,93.8094,302.43,65,1,0.57,IN,1697171669
254,tahe,52.3333,124.7333,291.49,30,30,5.0,CN,1697171669
255,christchurch,-43.5333,172.6333,292.26,39,100,8.75,NZ,1697171669
256,andergrove,-21.0833,149.1833,304.06,54,6,5.48,AU,1697171669
257,melfort,52.8667,-104.6177,280.22,70,63,1.03,CA,1697171669
258,rangpur,25.75,89.25,303.37,55,0,0.4,BD,1697171669
259,novodvinsk,64.4165,40.8122,277.47,94,99,2.69,RU,1697171669
260,brezina,33.0989,1.2608,289.84,41,2,2.85,DZ,1697171669
261,watsa,3.0372,29.5355,292.6,86,6,1.0,CD,1697171670
262,ponta delgada,37.7333,-25.6667,293.55,83,20,3.09,PT,1697171670
263,wuhai,39.6647,106.8122,291.37,27,1,5.47,CN,1697171670
264,kayangel,8.0823,134.7173,301.59,79,81,6.99,PW,1697171670
265,agat village,13.3886,144.6585,299.67,93,100,2.57,GU,1697171670
266,badger,64.8,-147.5333,273.08,75,100,2.57,US,1697171670
267,dolores,-36.3132,-57.6792,278.06,91,1,3.25,AR,1697171670
268,nova sintra,14.8667,-24.7167,296.84,78,100,0.19,CV,1697171670
269,lebu,-37.6167,-73.65,282.04,88,8,7.75,CL,1697171670
270,tezu,27.9167,96.1667,302.48,52,3,1.64,IN,1697171670
271,port alfred,-33.5906,26.891,289.36,81,2,4.02,ZA,1697171670
272,cold lake,54.4502,-110.2017,278.12,93,100,0.0,CA,1697171671
273,santa marta de ortigueira,43.6833,-7.85,294.48,66,100,7.54,ES,1697171671
274,sobinka,55.9855,40.0111,283.74,77,69,6.45,RU,1697171671
275,inarajan village,13.2736,144.7484,299.69,94,100,7.58,GU,1697171671
276,labytnangi,66.6572,66.4183,272.47,96,100,5.39,RU,1697171671
277,douar tindja,37.1667,9.75,288.21,82,0,1.03,TN,1697171671
278,colonia,50.9333,6.95,291.9,90,0,4.63,DE,1697171671
279,mount isa,-20.7333,139.5,307.02,15,65,6.17,AU,1697171432
280,yung shue wan,22.2333,114.1167,302.22,61,64,0.89,HK,1697171671
281,konarka,19.9,86.1167,304.37,59,8,0.63,IN,1697171671
282,airuk,7.2772,168.8203,302.11,70,33,1.69,MH,1697171671
283,santiago de cao,-7.9589,-79.2392,291.22,88,49,4.12,PE,1697171671
284,zhaotong,27.3167,103.7167,282.73,91,100,2.03,CN,1697171671
285,al khafji,28.4391,48.4913,303.96,42,0,2.5,SA,1697171672
286,n'dalatando,-9.2978,14.9116,292.87,91,99,0.44,AO,1697171672
287,south hedland,-20.4089,118.5983,315.11,5,3,8.23,AU,1697171672
288,lompoc,34.6391,-120.4579,288.38,93,0,3.09,US,1697171672
289,bonthe,7.5264,-12.505,298.25,88,100,2.11,SL,1697171672
290,harper,4.375,-7.7169,297.93,89,72,2.3,LR,1697171672
291,sungai raya,0.7,108.9,304.76,60,81,3.88,ID,1697171672
292,guane,22.2025,-84.0875,300.48,86,94,3.26,CU,1697171672
293,port macquarie,-31.4333,152.9167,295.87,48,0,6.17,AU,1697171672
294,northam,51.0333,-4.2167,291.7,98,100,12.17,GB,1697171672
295,port-cartier,50.0334,-66.8654,282.27,92,100,2.57,CA,1697171672
296,mata-utu,-13.2816,-176.1745,300.75,82,37,7.59,WF,1697171672
297,gbadolite,4.2833,21.0167,295.28,96,100,1.21,CD,1697171672
298,khandyga,62.6667,135.6,272.8,92,99,2.47,RU,1697171672
299,myeik,12.4333,98.6,302.55,73,100,1.24,MM,1697171673
300,dalgopol,43.05,27.35,281.36,76,4,0.96,BG,1697171673
301,sao raimundo das mangabeiras,-7.0219,-45.4811,297.37,61,3,0.96,BR,1697171673
302,champerico,14.3,-91.9167,300.77,81,100,3.06,GT,1697171673
303,saudarkrokur,65.7461,-19.6394,273.36,89,97,10.28,IS,1697171673
304,eilat,29.5581,34.9482,295.06,64,0,3.6,IL,1697171673
305,torghay,49.6339,63.4981,282.22,44,6,6.32,KZ,1697171673
306,balqash,46.8481,74.995,283.48,93,40,6.0,KZ,1697171673
307,nova vicosa,-17.8919,-39.3719,296.52,86,11,5.89,BR,1697171673
308,greenville,35.6127,-77.3663,285.44,97,100,0.0,US,1697171673
309,san patricio,28.017,-97.5169,300.07,91,0,3.39,US,1697171673
310,mananjary,-21.2167,48.3333,298.4,74,42,2.31,MG,1697171673
311,la passe,45.5549,-0.8967,291.28,50,15,5.8,FR,1697171673
312,chui,-33.6971,-53.4616,279.19,82,3,2.59,UY,1697171673
313,bonanza,14.0289,-84.591,296.99,99,22,1.08,NI,1697171674
314,pitanga,-24.7572,-51.7614,288.45,97,93,2.74,BR,1697171674
315,yenangyaung,20.4667,94.8833,302.56,69,53,4.24,MM,1697171674
316,kwekwe,-18.9281,29.8149,296.72,33,24,3.44,ZW,1697171674
317,saint-joseph,-21.3667,55.6167,298.41,80,75,3.67,RE,1697171674
318,tindouf,27.6711,-8.1474,292.4,30,0,2.57,DZ,1697171674
319,nicoya,10.1483,-85.452,297.49,92,50,1.12,CR,1697171674
320,saint-felicien,48.6501,-72.4491,281.53,100,100,4.12,CA,1697171674
321,duncan,34.5023,-97.9578,296.09,83,0,6.69,US,1697171674
322,kamina,-8.7386,24.9906,294.7,74,83,0.65,CD,1697171674
323,gunjur,13.2019,-16.7339,299.19,100,40,0.0,GM,1697171674
324,kapuskasing,49.4169,-82.4331,280.2,93,75,2.06,CA,1697171674
325,daru,-9.0763,143.2092,298.9,85,100,6.31,PG,1697171674
326,sinabang,2.4803,96.3801,301.12,76,95,2.37,ID,1697171674
327,placido de castro,-10.3353,-67.1856,297.58,81,100,1.0,BR,1697171675
328,vadso,70.0744,29.7487,275.64,77,100,4.94,NO,1697171675
329,itoman,26.1247,127.6694,301.58,62,20,8.23,JP,1697171675
330,happy valley-goose bay,53.3168,-60.3315,282.32,93,100,5.66,CA,1697171411
331,oamaru,-45.0784,170.9801,290.53,58,100,4.8,NZ,1697171675
332,aflou,34.1128,2.1023,286.2,47,0,2.03,DZ,1697171675
333,smithers,54.7804,-127.1743,278.33,100,0,0.0,CA,1697171411
334,ugoofaaru,5.6667,73.0,300.69,79,28,4.76,MV,1697171675
335,korla,41.7597,86.1469,293.97,26,0,2.56,CN,1697171675
336,manhattan,40.7834,-73.9662,289.93,67,0,4.02,US,1697171331
337,oudtshoorn,-33.5907,22.2014,285.35,82,48,0.65,ZA,1697171675
338,la ronge,55.1001,-105.2842,280.29,93,100,0.0,CA,1697171675
339,lewistown,40.5992,-77.5714,285.02,96,0,0.0,US,1697171673
340,cabo san lucas,22.8909,-109.9124,299.68,72,0,1.79,MX,1697171675
341,kendari,-3.945,122.4989,304.62,52,50,4.41,ID,1697171675
342,kotkapura,30.5819,74.833,306.6,16,0,3.08,IN,1697171676
343,huanggang,23.677,116.9996,301.09,66,22,1.25,CN,1697171676
344,juneau,58.3019,-134.4197,284.15,93,75,9.77,US,1697171465
345,lodja,-3.4833,23.4333,294.4,90,97,0.88,CD,1697171676
346,jamaame,0.0697,42.745,301.47,68,27,3.69,SO,1697171676
347,puerto deseado,-47.7503,-65.8938,281.29,64,3,1.99,AR,1697171676
348,severo-yeniseyskiy,60.3725,93.0408,276.8,91,100,6.26,RU,1697171676
349,shizuishan,39.2333,106.7694,291.44,23,2,0.71,CN,1697171676
350,saquarema,-22.92,-42.5103,295.79,97,100,3.51,BR,1697171534
351,hun,29.1268,15.9477,292.03,72,0,1.92,LY,1697171676
352,salahonda,2.1019,-78.7217,299.06,83,42,1.99,CO,1697171676
353,arteche,12.2645,125.4048,302.25,77,42,2.1,PH,1697171676
354,tune,46.7512,7.6217,287.99,74,94,5.36,CH,1697171676
355,bitkine,11.9801,18.2138,299.76,57,50,0.81,TD,1697171677
356,tutong,4.8,114.65,304.2,70,67,2.89,BN,1697171677
357,brookings,44.3114,-96.7984,280.47,96,100,13.38,US,1697171677
358,kiunga,-6.1219,141.2906,306.87,51,84,1.72,PG,1697171677
359,gokwe,-18.2048,28.9349,298.18,31,58,1.88,ZW,1697171677
360,tha khanon,9.0302,98.9529,306.05,60,80,0.85,TH,1697171677
361,aykhal,66.0,111.5,268.74,78,95,4.92,RU,1697171677
362,markovo,57.3206,107.0881,278.82,81,100,1.23,RU,1697171677
363,aars,56.804,9.5144,282.47,91,78,4.65,DK,1697171677
364,bakaly,55.1789,53.8028,278.37,77,100,9.18,RU,1697171677
365,saint-philippe,-21.3585,55.7679,297.92,84,91,3.66,RE,1697171677
366,saipan,15.1355,145.701,301.77,84,100,8.04,MP,1697171677
367,minas de marcona,-15.2119,-75.1103,287.69,81,99,4.23,PE,1697171677
368,nizhneangarsk,55.7833,109.55,279.82,81,95,0.45,RU,1697171677
369,kerikeri,-35.2268,173.9474,291.43,73,88,0.89,NZ,1697171677
370,nuku'alofa,-21.1333,-175.2,297.34,73,75,6.17,TO,1697171678
371,taoudenni,22.6783,-3.9836,299.48,20,0,4.85,ML,1697171678
372,concepcion,-36.827,-73.0498,282.04,93,0,2.57,CL,1697171678
373,barcelos,41.5388,-8.6151,295.29,75,100,3.8,PT,1697171678
374,ashland,40.8167,-82.2665,283.77,94,28,2.9,US,1697171650
375,belmonte,-15.8631,-38.8828,296.42,86,18,4.14,BR,1697171678
376,puerto santa,-8.9906,-78.6456,290.94,89,64,3.49,PE,1697171678
377,araci,-11.3333,-38.9667,293.68,95,25,2.8,BR,1697171678
378,las khorey,11.1595,48.1967,302.62,74,26,2.0,SO,1697171678
379,arno,60.1167,18.6333,279.7,78,56,4.24,SE,1697171678
380,pangkalanbuun,-2.6833,111.6167,309.89,32,76,2.84,ID,1697171678
381,toledo,39.8333,-4.0,293.77,35,29,1.24,ES,1697171678
382,sarikei,2.1167,111.5167,303.76,72,85,1.15,MY,1697171678
383,pailon,-17.65,-62.75,297.65,58,6,5.98,BO,1697171678
384,novyy urgal,51.0736,132.5642,287.03,42,8,4.54,RU,1697171679
385,kimbe,-5.5502,150.1429,302.99,73,67,1.28,PG,1697171679
386,pyhajarvi,67.0701,27.2176,273.87,92,100,4.33,FI,1697171679
387,amos,48.5669,-78.1162,279.82,94,74,2.41,CA,1697171404
388,xinyuan,37.3,99.0,276.18,43,35,8.82,CN,1697171679
389,kegen,43.0197,79.2203,286.94,33,95,3.18,KZ,1697171679
390,homer,59.6425,-151.5483,276.08,90,100,1.79,US,1697171679
391,hami,42.8,93.45,296.03,18,0,2.83,CN,1697171679
392,saint-pierre,-21.3393,55.4781,299.02,69,0,6.17,RE,1697171679
393,fortuna,40.5982,-124.1573,284.63,94,0,0.0,US,1697171679
394,saacow,1.6279,42.4407,300.21,72,40,4.29,SO,1697171679
395,springbok,-29.6643,17.8865,281.9,81,74,2.35,ZA,1697171679
396,malabar,-33.9667,151.25,299.82,41,0,5.14,AU,1697171679
397,urangan,-25.3,152.9,295.5,68,0,8.91,AU,1697171679
398,mitu,1.1983,-70.1733,295.32,87,74,1.02,CO,1697171680
399,tuy hoa,13.0833,109.3,301.86,78,94,3.33,VN,1697171680
400,bozkir,37.1896,32.2474,286.4,56,0,0.82,TR,1697171680
401,mamuju,-2.6748,118.8885,303.95,64,35,2.76,ID,1697171680
402,margate,51.3813,1.3862,291.43,94,100,2.24,GB,1697171680
403,changchun,43.88,125.3228,294.13,41,30,3.1,CN,1697171680
404,pahrump,36.2083,-115.9839,289.96,25,0,1.34,US,1697171521
405,mazagao,-0.115,-51.2894,300.18,85,100,2.14,BR,1697171680
406,noshiro,40.2039,140.0242,294.61,54,0,5.86,JP,1697171680
407,kolonia town,6.964,158.206,301.21,83,100,3.09,FM,1697171680
408,ploneour-lanvern,47.9,-4.2833,294.33,68,0,8.75,FR,1697171680
409,kununurra,-15.7667,128.7333,313.14,24,77,5.14,AU,1697171680
410,tame,6.461,-71.73,296.18,86,64,2.28,CO,1697171680
411,casino,-28.8667,153.05,296.8,46,7,5.79,AU,1697171680
412,alice springs,-23.7,133.8833,300.9,13,0,6.69,AU,1697171681
413,genhe,50.7833,121.5167,287.72,36,36,5.35,CN,1697171681
414,ranau,5.9538,116.6641,299.91,82,82,0.55,MY,1697171466
415,charters towers,-20.1,146.2667,307.4,15,6,5.87,AU,1697171681
416,mount pearl,47.5166,-52.7813,285.0,99,100,1.54,CA,1697171681
417,montecristi,-1.05,-80.6667,297.05,83,20,3.6,EC,1697171681
418,el fuerte,26.4189,-108.6194,299.71,69,43,1.16,MX,1697171681
419,santa cruz,-17.8,-63.1667,296.85,41,20,8.23,BO,1697171681
420,san rafael,-34.6177,-68.3301,284.75,30,0,0.27,AR,1697171439
421,piti village,13.4626,144.6933,299.64,93,100,2.57,GU,1697171681
422,bamboo flat,11.7,92.7167,303.2,70,40,2.57,IN,1697171681
423,andapa,-14.65,49.65,299.0,51,15,0.93,MG,1697171681
424,mildura,-34.2,142.15,294.3,50,16,7.18,AU,1697171448
425,arroyo,41.6096,-4.7969,290.49,51,0,2.57,ES,1697171681
426,lundazi,-12.2929,33.1782,298.6,36,20,2.93,ZM,1697171681
427,muslyumovo,55.3033,53.1947,280.16,76,100,8.79,RU,1697171682
428,nogliki,51.8333,143.1667,288.9,56,21,8.05,RU,1697171682
429,lubango,-14.9172,13.4925,289.07,88,95,2.57,AO,1697171682
430,nyurba,63.2842,118.3319,269.88,74,63,4.02,RU,1697171682
431,kitimat,54.0524,-128.6534,285.36,62,100,1.51,CA,1697171682
432,mrakovo,52.7161,56.6244,278.24,53,100,7.39,RU,1697171682
433,road town,18.4167,-64.6167,300.2,72,90,4.99,VG,1697171682
434,nuuk,64.1835,-51.7216,274.98,86,100,5.02,GL,1697171682
435,urla,38.3229,26.764,285.37,73,0,2.77,TR,1697171682
436,chengde,40.9725,117.9361,291.71,35,89,4.35,CN,1697171682
437,sitka,57.0531,-135.33,287.09,72,100,9.77,US,1697171578
438,puerto baquerizo moreno,-0.9,-89.6,296.65,82,17,4.17,EC,1697171682
439,pangai,-19.8,-174.35,298.21,73,75,6.69,TO,1697171682
440,villa constitucion,-33.2278,-60.3297,279.9,63,0,1.78,AR,1697171683
441,pitimbu,-7.4706,-34.8086,299.48,83,15,5.16,BR,1697171683
442,amlapura,-8.45,115.6167,302.51,63,95,3.13,ID,1697171683
443,mossel bay,-34.1831,22.146,287.11,82,6,5.67,ZA,1697171683
444,aromashevo,56.8602,68.6375,276.21,81,100,8.42,RU,1697171683
445,baillif,16.0202,-61.7463,298.87,76,15,4.28,GP,1697171683
446,kapit,2.0167,112.9333,305.36,57,80,1.14,MY,1697171683
447,afif,23.9065,42.9172,300.22,13,0,3.24,SA,1697171683
448,nchelenge,-9.3451,28.734,299.21,59,72,2.88,ZM,1697171683
449,maintirano,-18.0667,44.0167,299.96,72,4,2.05,MG,1697171683
450,arkalyk,50.2486,66.9114,279.76,45,0,5.87,KZ,1697171683
451,klaksvik,62.2266,-6.589,276.66,75,75,6.76,FO,1697171683
452,kharan,28.5833,65.4167,304.1,11,0,3.02,PK,1697171683
453,pechora,65.1472,57.2244,274.74,67,100,6.71,RU,1697171683
454,geraldton,-28.7667,114.6,308.38,13,1,5.66,AU,1697171478
455,walvis bay,-22.9575,14.5053,285.42,93,100,2.06,NA,1697171684
456,namsos,64.4662,11.4957,281.18,93,75,1.03,NO,1697171684
457,jayapura,-2.5333,140.7,308.81,77,50,3.72,ID,1697171684
458,metlili chaamba,32.2667,3.6333,290.67,52,0,3.09,DZ,1697171684
459,portel,-1.9356,-50.8211,297.74,85,100,2.21,BR,1697171684
460,languyan,5.2618,120.0807,304.15,61,88,2.77,PH,1697171684
461,kissidougou,9.1848,-10.0999,293.03,96,46,0.93,GN,1697171684
462,torbat-e jam,35.244,60.6225,283.13,57,99,2.27,IR,1697171684
463,tabou,4.423,-7.3528,297.82,90,85,1.54,CI,1697171684
464,wankaner,22.6167,70.9333,305.66,42,1,1.54,IN,1697171684
465,port moresby,-9.4431,147.1797,296.83,94,100,1.54,PG,1697171528
466,mwinilunga,-11.7358,24.4293,292.83,72,48,1.41,ZM,1697171684
467,lethbridge,49.7,-112.8186,280.69,100,100,2.06,CA,1697171638
468,shilka,51.85,116.0333,290.97,33,5,3.54,RU,1697171684
469,pandan,14.0453,124.1694,303.24,71,37,3.97,PH,1697171685
470,luderitz,-26.6481,15.1594,286.82,77,3,6.9,NA,1697171685
471,salanso,12.1833,-4.0833,297.57,77,100,2.91,BF,1697171685
472,granby,45.4001,-72.7324,281.77,87,74,0.51,CA,1697171575
473,remire-montjoly,4.9167,-52.2667,299.17,89,20,1.03,GF,1697171685
474,itapaci,-14.9508,-49.5494,299.94,50,43,0.79,BR,1697171685
475,bougouni,11.417,-7.479,296.31,85,100,0.35,ML,1697171685
476,antsiranana,-12.2787,49.2917,300.54,67,80,6.07,MG,1697171685
477,sur,22.5667,59.5289,306.0,42,0,1.28,OM,1697171685
478,mbeya,-8.9,33.45,294.56,42,88,1.87,TZ,1697171685
479,manado,1.487,124.8455,308.58,43,20,3.6,ID,1697171685
480,tromso,69.6496,18.957,274.16,93,75,3.6,NO,1697171685
481,maceio,-9.6658,-35.7353,297.84,100,40,3.09,BR,1697171683
482,buta,2.7858,24.73,294.35,98,43,0.5,CD,1697171685
483,samho-rodongjagu,39.9475,127.8711,291.57,52,100,2.06,KP,1697171685
484,abidjan,5.3094,-4.0197,299.13,100,40,2.06,CI,1697171686
485,kachug,53.9606,105.8817,288.18,46,99,2.24,RU,1697171686
486,mezhdurechensk,53.6942,88.0603,277.21,98,100,1.81,RU,1697171673
487,palmer,42.1584,-72.3287,285.92,79,0,3.6,US,1697171686
488,kuanda,56.3161,116.0806,283.97,39,48,2.52,RU,1697171686
489,rufino,-34.2683,-62.7126,280.07,42,0,3.9,AR,1697171686
490,sosnovo-ozerskoye,52.5249,111.5418,286.95,44,31,5.16,RU,1697171686
491,newman,37.3138,-121.0208,291.28,63,98,0.89,US,1697171686
492,nadym,65.5333,72.5167,274.27,68,100,7.82,RU,1697171527
493,brainerd,46.358,-94.2008,283.03,72,20,5.14,US,1697171686
494,sunne,59.8376,13.143,274.33,84,97,1.79,SE,1697171686
495,pingliang,35.5392,106.6861,287.87,55,100,1.12,CN,1697171686
496,nikolayevsk-on-amure,53.1406,140.73,290.02,47,21,5.72,RU,1697171686
497,caras,-9.0467,-77.8114,291.32,78,87,1.23,PE,1697171686
498,minneola,28.5744,-81.7462,299.86,97,87,0.45,US,1697171686
499,ambovombe,-25.1667,46.0833,297.43,70,31,4.24,MG,1697171686
500,naestved,55.2299,11.7609,284.21,85,80,5.1,DK,1697171687
501,tibiri,13.5627,7.0485,300.61,24,18,3.94,NE,1697171687
502,north platte,41.1239,-100.7654,280.09,90,100,11.18,US,1697171687
503,hasaki,35.7333,140.8333,295.37,43,2,6.25,JP,1697171687
504,mont-dore,-22.2833,166.5833,299.14,69,52,6.08,NC,1697171687
505,settat,33.0007,-7.6204,289.05,51,5,1.58,MA,1697171687
506,porto novo,6.4965,2.6036,297.05,89,100,1.35,BJ,1697171687
507,yelizovo,53.1873,158.3805,280.23,65,20,5.0,RU,1697171687
508,fort-de-france,14.6089,-61.0733,299.12,89,0,1.54,MQ,1697171687
509,zeya,53.75,127.2667,286.75,48,75,1.98,RU,1697171687
510,mishelevka,52.8575,103.1719,287.64,40,74,3.48,RU,1697171687
511,magadan,59.5667,150.8,274.56,53,1,3.13,RU,1697171687
512,whistler,50.1164,-122.9695,281.24,73,1,0.92,CA,1697171393
513,kaliganj,23.4095,89.1402,303.44,54,0,1.93,BD,1697171687
514,lamarque,-39.423,-65.7021,284.05,42,0,4.04,AR,1697171688
515,catemaco,18.4167,-95.1167,297.34,84,66,3.32,MX,1697171688
516,gunnedah,-30.9833,150.25,298.68,12,0,4.58,AU,1697171688
517,callao,-12.0667,-77.15,292.44,82,40,4.63,PE,1697171688
518,al jumum,21.6169,39.6981,302.94,54,0,2.31,SA,1697171688
519,parakou,9.3372,2.6303,295.77,94,97,1.76,BJ,1697171688
520,weno,7.4515,151.8468,304.12,74,100,3.6,FM,1697171688
521,sainte-anne-des-monts,49.124,-66.4924,281.08,93,96,3.09,CA,1697171688
522,kolwezi,-10.7148,25.4667,294.18,60,42,0.55,CD,1697171688
523,santander,43.4647,-3.8044,298.77,31,0,3.09,ES,1697171435
524,chernyshevskiy,63.0128,112.4714,273.84,79,98,2.04,RU,1697171688
525,lisala,2.15,21.5167,294.54,90,43,0.77,CD,1697171688
526,cannonvale,-20.2833,148.7,297.81,53,12,5.48,AU,1697171688
527,primorsko-akhtarsk,46.0497,38.1747,283.72,39,44,2.68,RU,1697171688
528,horta,38.5333,-28.6333,291.49,88,100,3.13,PT,1697171689
529,tayshet,55.9342,98.0044,278.88,81,100,1.83,RU,1697171689
530,kakata,6.53,-10.3517,297.64,97,98,1.02,LR,1697171396
531,ntoum,0.3833,9.7833,297.02,95,99,0.83,GA,1697171689
532,duiwelskloof,-23.6934,30.14,297.24,36,27,0.76,ZA,1697171689
533,brattleboro,42.8509,-72.5579,283.1,90,32,0.45,US,1697171689
534,inhambane,-23.865,35.3833,298.14,88,40,7.2,MZ,1697171689
535,kannus,63.9,23.9,278.39,88,19,1.92,FI,1697171689
536,treinta y tres,-33.2333,-54.3833,275.19,90,0,1.37,UY,1697171468
537,lubao,14.9167,120.55,306.99,62,54,2.46,PH,1697171689
538,springfield,37.2153,-93.2982,289.83,85,8,7.6,US,1697171689
539,demre,36.2537,29.9777,295.64,66,0,0.4,TR,1697171689
540,champua,22.0833,85.6667,303.27,49,10,1.16,IN,1697171689
541,gobabis,-22.45,18.9667,288.06,19,0,2.51,NA,1697171689
542,argostolion,38.1811,20.489,292.91,81,0,1.62,GR,1697171690
543,marka,1.7159,44.7717,301.02,73,18,4.01,SO,1697171690
544,polyarnyy,69.1989,33.4478,276.95,74,100,9.37,RU,1697171597
545,al muwayh,22.4333,41.7583,299.53,22,0,1.37,SA,1697171690
546,bishkul,54.7803,69.1033,277.34,70,0,10.0,KZ,1697171690
547,niceville,30.5169,-86.4822,292.23,91,100,3.09,US,1697171527
548,gazojak,41.1875,61.4036,283.77,58,1,2.87,TM,1697171690
549,egilsstadir,65.2653,-14.3948,273.75,95,100,11.57,IS,1697171690
550,labuan,5.2767,115.2417,304.35,74,40,1.03,MY,1697171690
551,mangai,-4.05,19.5333,294.27,89,8,0.7,CD,1697171690
552,panshan,41.1881,122.0494,290.29,70,100,5.45,CN,1697171690
553,jiuquan,39.7432,98.5174,291.97,15,21,3.03,CN,1697171690
554,itaituba,-4.2761,-55.9836,298.68,68,38,0.66,BR,1697171690
555,al hawatah,13.4167,34.6333,300.84,55,56,3.41,SD,1697171690
556,grand falls-windsor,48.9332,-55.6649,282.87,93,98,1.59,CA,1697171690
557,ust'-uda,54.1742,103.0304,286.36,50,100,4.02,RU,1697171691
558,summerland,49.5998,-119.6691,284.31,81,0,2.06,CA,1697171691
559,fort mcmurray,56.7268,-111.381,282.92,76,0,4.63,CA,1697171410
560,asaba,6.2006,6.7338,296.97,95,100,1.22,NG,1697171691
561,forster,-32.1667,152.5167,292.75,53,0,6.73,AU,1697171691
562,banfora,10.6333,-4.7667,295.87,89,80,0.9,BF,1697171691
